image_name,score
image_0001.jpg,5.37
image_0002.jpg,5.2
image_0003.jpg,5.14
image_0004.jpg,5.45
image_0005.jpg,5.25
image_0006.jpg,5.11
image_0007.jpg,5.36
image_0008.jpg,5.14
image_0009.jpg,5.38
image_0010.jpg,5.38
image_0011.jpg,5.1
image_0012.jpg,5.21
image_0013.jpg,5.24
image_0014.jpg,5.12
image_0015.jpg,5.54
image_0016.jpg,5.33
image_0017.jpg,5.5
image_0018.jpg,5.1
image_0019.jpg,5.21
image_0020.jpg,5.53
image_0021.jpg,5.34
image_0022.jpg,5.23
image_0023.jpg,5.22
image_0024.jpg,5.09
image_0025.jpg,5.35
image_0026.jpg,5.53
image_0027.jpg,5.41
image_0028.jpg,5.0
image_0029.jpg,5.25
image_0030.jpg,4.94
image_0031.jpg,5.44
image_0032.jpg,5.27
image_0033.jpg,5.27
image_0034.jpg,5.14
image_0035.jpg,5.45
image_0036.jpg,5.21
image_0037.jpg,5.2
image_0038.jpg,5.08
image_0039.jpg,5.48
image_0040.jpg,5.29
image_0041.jpg,5.38
image_0042.jpg,4.86
image_0043.jpg,5.14
image_0044.jpg,5.49
image_0045.jpg,5.38
image_0046.jpg,5.32
image_0047.jpg,5.49
image_0048.jpg,5.41
image_0049.jpg,5.07
image_0050.jpg,5.24
image_0051.jpg,5.09
image_0052.jpg,5.08
image_0053.jpg,5.49
image_0054.jpg,5.31
image_0055.jpg,5.45
image_0056.jpg,5.13
image_0057.jpg,5.52
image_0058.jpg,5.2
image_0059.jpg,5.47
image_0060.jpg,5.29
image_0061.jpg,5.17
image_0062.jpg,5.29
image_0063.jpg,5.28
image_0064.jpg,5.69
image_0065.jpg,5.2
image_0066.jpg,5.24
image_0067.jpg,5.17
image_0068.jpg,5.35
image_0069.jpg,5.4
image_0070.jpg,5.49
image_0071.jpg,5.56
image_0072.jpg,5.24
image_0073.jpg,5.45
image_0074.jpg,5.17
image_0075.jpg,5.02
image_0076.jpg,5.25
image_0077.jpg,5.12
image_0078.jpg,5.51
image_0079.jpg,5.25
image_0080.png,5.36
image_0081.jpg,5.27
image_0082.jpg,5.41
image_0083.jpg,5.47
image_0084.jpg,5.28
image_0085.jpg,5.16
image_0086.jpg,5.53
image_0087.jpg,5.12
image_0088.jpg,5.38
image_0089.jpg,5.42
image_0090.jpg,5.36
image_0091.jpg,5.28
image_0092.jpg,5.18
image_0093.jpg,5.39
image_0094.png,5.27
image_0095.jpg,5.35
image_0096.jpg,5.28
image_0097.jpg,5.31
image_0098.jpg,5.33
image_0099.jpg,5.27
image_0100.jpg,5.43
image_0101.jpg,5.4
image_0102.jpg,5.44
image_0103.jpg,5.27
image_0104.jpg,5.25
image_0105.jpg,5.16
image_0106.jpg,5.42
image_0107.jpg,5.37
image_0108.jpg,5.42
image_0109.jpg,5.36
image_0110.jpg,5.23
image_0111.jpg,5.28
image_0112.jpg,5.41
image_0113.jpg,5.26
image_0114.jpg,5.21
image_0115.jpg,5.27
image_0116.jpg,5.24
image_0117.jpg,5.56
image_0118.jpg,5.36
image_0119.jpg,5.22
image_0120.jpg,5.4
image_0121.jpg,5.22
image_0122.jpg,5.3
image_0123.jpg,5.47
image_0124.png,5.61
image_0125.png,5.55
image_0126.jpg,5.24
image_0127.jpg,5.51
image_0128.jpg,5.22
image_0129.jpg,5.44
image_0130.jpg,5.33
image_0131.jpg,5.27
image_0132.jpg,5.29
image_0133.jpg,5.22
image_0134.jpg,5.18
image_0135.jpg,5.35
image_0136.jpg,5.36
image_0137.jpg,5.38
image_0138.jpg,5.32
image_0139.jpg,5.38
image_0140.jpg,5.02
image_0141.jpg,5.09
image_0142.jpg,5.2
image_0143.jpg,5.36
image_0144.jpg,5.43
image_0145.jpg,5.39
image_0146.jpg,5.42
image_0147.jpg,5.13
image_0148.jpg,5.11
image_0149.jpg,5.22
image_0150.jpg,5.21
image_0151.jpg,5.49
image_0152.jpg,5.49
image_0153.jpg,5.49
image_0154.jpg,5.5
image_0155.jpg,5.44
image_0156.jpg,5.11
image_0157.jpg,5.33
image_0158.jpg,5.63
image_0159.jpg,5.22
image_0160.jpg,5.48
image_0161.jpg,5.23
image_0162.jpg,5.16
image_0163.jpg,5.26
image_0164.jpg,5.42
image_0165.jpg,5.41
image_0166.jpg,5.39
image_0167.jpg,5.39
image_0168.jpg,5.36
image_0169.jpg,5.37
image_0170.jpg,5.3
image_0171.jpg,5.3
image_0172.jpg,5.33
image_0173.jpg,5.14
image_0174.jpg,4.96
image_0175.jpg,5.16
image_0176.jpg,5.38
image_0177.jpg,5.62
image_0178.jpg,5.19
image_0179.jpg,5.27
image_0180.jpg,5.53
image_0181.jpg,5.23
image_0182.jpg,5.4
image_0183.jpg,5.42
image_0184.jpg,5.07
image_0185.jpg,5.18
image_0186.jpg,5.21
image_0187.jpg,5.47
image_0188.jpg,5.15
image_0189.jpg,5.23
image_0190.jpg,5.18
image_0191.jpg,5.45
image_0192.jpg,5.44
image_0193.jpg,5.17
image_0194.jpg,5.19
image_0195.jpg,5.43
image_0196.jpg,5.35
image_0197.jpg,5.66
image_0198.jpg,5.25
image_0199.jpg,5.16
image_0200.jpg,5.28
image_0201.jpg,5.35
image_0202.jpg,5.27
image_0203.jpg,5.27
image_0204.jpg,5.41
image_0205.jpg,5.26
image_0206.jpg,5.38
image_0207.jpg,5.02
image_0208.jpg,5.14
image_0209.jpg,4.98
image_0210.jpg,5.49
image_0211.jpg,5.17
image_0212.jpg,5.18
image_0213.jpg,5.1
image_0214.jpg,5.35
image_0215.jpg,5.64
image_0216.jpg,5.38
image_0217.jpg,5.16
image_0218.jpg,5.39
image_0219.jpg,5.53
image_0220.jpg,5.36
image_0221.jpg,5.3
image_0222.jpg,5.4
image_0223.jpg,5.33
image_0224.jpg,5.34
image_0225.jpg,5.26
image_0226.jpg,5.33
image_0227.jpg,5.35
image_0228.jpg,5.37
image_0229.jpg,5.44
image_0230.jpg,5.35
image_0231.jpg,5.47
image_0232.jpg,5.45
image_0233.jpg,5.12
image_0234.jpg,5.41
image_0235.jpg,5.24
image_0236.jpg,5.32
image_0237.jpg,5.22
image_0238.jpg,5.37
image_0239.jpg,4.98
image_0240.jpg,5.36
image_0241.jpg,5.2
image_0242.jpg,5.12
image_0243.jpg,5.46
image_0244.png,5.27
image_0245.png,5.43
image_0246.png,5.29
image_0247.jpg,5.32
image_0248.jpg,5.41
image_0249.jpg,5.3
image_0250.jpg,5.48
image_0251.jpg,5.37
image_0252.jpg,5.32
image_0253.jpg,5.37
image_0254.jpg,5.41
image_0255.jpg,5.34
image_0256.jpg,5.24
image_0257.jpg,5.45
image_0258.jpg,5.36
image_0259.jpg,5.36
image_0260.jpg,5.35
image_0261.jpg,5.39
image_0262.jpg,5.18
image_0263.jpg,5.36
image_0264.jpg,5.18
image_0265.jpg,5.43
image_0266.jpg,5.24
image_0267.jpg,5.25
image_0268.jpg,5.13
image_0269.jpg,5.35
image_0270.jpg,5.18
image_0271.jpg,5.44
image_0272.jpg,5.34
image_0273.jpg,5.11
image_0274.jpg,5.34
image_0275.jpg,5.22
image_0276.jpg,5.32
image_0277.jpg,5.34
image_0278.jpg,5.31
image_0279.jpg,5.41
image_0280.jpg,5.56
image_0281.jpg,5.26
image_0282.jpg,5.44
image_0283.jpg,5.56
image_0284.jpg,5.25
image_0285.png,5.17
image_0286.png,5.42
image_0287.png,5.22
image_0288.png,5.43
image_0289.jpg,5.27
image_0290.jpg,5.3
image_0291.jpg,5.17
image_0292.jpg,5.34
image_0293.jpg,5.33
image_0294.jpg,4.87
image_0295.jpg,5.14
image_0296.jpg,5.26
image_0297.jpg,5.42
image_0298.jpg,5.4
image_0299.jpg,5.54
image_0300.jpg,5.14
image_0301.jpg,5.62
image_0302.jpg,5.08
image_0303.jpg,5.29
image_0304.jpg,5.42
image_0305.jpg,5.1
image_0306.jpg,5.13
image_0307.jpg,5.25
image_0308.jpg,5.48
image_0309.jpg,5.33
image_0310.jpg,5.13
image_0311.jpg,5.43
image_0312.png,5.16
image_0313.jpg,5.52
image_0314.jpg,5.2
image_0315.jpg,5.28
image_0316.jpg,5.54
image_0317.jpg,5.32
image_0318.jpg,5.4
image_0319.jpg,5.27
image_0320.jpg,5.3
image_0321.jpg,5.35
image_0322.jpg,5.31
image_0323.jpg,5.4
image_0324.jpg,5.19
image_0325.jpg,5.32
image_0326.jpg,5.06
image_0327.jpg,5.14
image_0328.jpg,5.22
image_0329.jpg,5.37
image_0330.jpg,5.23
image_0331.png,5.47
image_0332.png,5.54
image_0333.jpg,5.08
image_0334.jpg,4.86
image_0335.jpg,5.27
image_0336.jpg,5.36
image_0337.jpg,5.18
image_0338.jpg,5.48
image_0339.jpg,5.01
image_0340.jpg,5.03
image_0341.jpg,5.18
image_0342.jpg,5.37
image_0343.jpg,5.34
image_0344.jpg,5.3
image_0345.jpg,5.13
image_0346.jpg,5.37
image_0347.jpg,5.5
image_0348.jpg,5.43
image_0349.jpg,5.47
image_0350.jpg,5.21
image_0351.jpg,5.47
image_0352.jpg,5.27
image_0353.jpg,5.43
image_0354.jpg,5.27
image_0355.jpg,5.28
image_0356.jpg,5.11
image_0357.jpg,5.18
image_0358.jpg,5.44
image_0359.jpg,5.42
image_0360.jpg,5.23
image_0361.jpg,5.67
image_0362.jpg,4.92
image_0363.jpg,5.46
image_0364.jpg,5.43
image_0365.jpg,5.32
image_0366.jpg,5.17
image_0367.jpg,5.54
image_0368.jpg,5.22
image_0369.jpg,5.74
image_0370.jpg,5.49
image_0371.jpg,5.32
image_0372.jpg,5.29
image_0373.jpg,5.25
image_0374.jpg,5.56
image_0375.jpg,5.28
image_0376.jpg,5.37
image_0377.jpg,5.28
image_0378.jpg,5.29
image_0379.jpg,5.58
image_0380.jpg,5.13
image_0381.jpg,5.36
image_0382.jpg,5.29
image_0383.jpg,5.29
image_0384.jpg,5.35
image_0385.jpg,5.36
image_0386.jpg,5.17
image_0387.jpg,5.33
image_0388.jpg,5.43
image_0389.jpg,5.39
image_0390.jpg,5.09
image_0391.jpg,5.36
image_0392.jpg,5.19
image_0393.jpg,5.36
image_0394.jpg,5.13
image_0395.jpg,5.4
image_0396.jpg,5.29
image_0397.jpg,5.34
image_0398.jpg,5.43
image_0399.jpg,5.45
image_0400.jpg,5.62
image_0401.jpg,5.21
image_0402.jpg,5.31
image_0403.png,5.58
image_0404.png,5.31
image_0405.png,5.11
image_0406.jpg,5.13
image_0407.jpg,5.36
image_0408.jpg,5.23
image_0409.jpg,5.39
image_0410.jpg,5.28
image_0411.jpg,5.32
image_0412.jpg,5.36
image_0413.jpg,5.28
image_0414.jpg,5.5
image_0415.jpg,5.26
image_0416.jpg,5.37
image_0417.jpg,5.15
image_0418.jpg,5.18
image_0419.jpg,5.22
image_0420.jpg,5.33
image_0421.jpg,5.29
image_0422.jpg,5.03
image_0423.jpg,5.39
image_0424.jpg,4.98
image_0425.jpg,5.06
image_0426.jpg,5.3
image_0427.jpg,5.31
image_0428.jpg,5.33
image_0429.jpg,5.36
image_0430.png,5.8
image_0431.png,5.1
image_0432.jpg,5.29
image_0433.jpg,5.5
image_0434.jpg,5.26
image_0435.jpg,5.56
image_0436.jpg,5.36
image_0437.jpg,5.16
image_0438.jpg,5.34
image_0439.jpg,5.18
image_0440.jpg,5.24
image_0441.jpg,5.56
image_0442.jpg,5.36
image_0443.jpg,5.24
image_0444.jpg,5.33
image_0445.jpg,5.47
image_0446.jpg,5.04
image_0447.jpg,5.34
image_0448.jpg,5.51
image_0449.jpg,5.06
image_0450.jpg,4.92
image_0451.jpg,5.48
image_0452.jpg,5.18
image_0453.jpg,5.23
image_0454.jpg,5.25
image_0455.jpg,5.23
image_0456.jpg,5.16
image_0457.jpg,5.39
image_0458.jpg,5.4
image_0459.jpg,5.28
image_0460.png,5.4
image_0461.jpg,5.56
image_0462.jpg,5.17
image_0463.jpg,5.45
image_0464.jpg,5.29
image_0465.jpg,5.33
image_0466.jpg,5.48
image_0467.jpg,5.07
image_0468.jpg,5.18
image_0469.jpg,5.68
image_0470.jpg,5.43
image_0471.jpg,5.42
image_0472.jpg,5.4
image_0473.jpg,5.26
image_0474.jpg,5.34
image_0475.jpg,5.6
image_0476.jpg,5.29
image_0477.jpg,5.48
image_0478.jpg,5.26
image_0479.jpg,5.31
image_0480.jpg,5.29
image_0481.jpg,5.33
image_0482.jpg,5.14
image_0483.jpg,5.23
image_0484.jpg,5.45
image_0485.jpg,5.4
image_0486.jpg,5.28
image_0487.jpg,5.21
image_0488.jpg,5.11
image_0489.png,5.58
image_0490.png,5.35
image_0491.png,5.26
image_0492.jpg,5.43
image_0493.jpg,5.3
image_0494.jpg,5.23
image_0495.jpg,5.26
image_0496.jpg,5.18
image_0497.jpg,5.57
image_0498.jpg,5.61
image_0499.jpg,5.38
image_0500.jpg,5.62
image_0501.jpg,5.39
image_0502.jpg,5.29
image_0503.jpg,5.17
image_0504.jpg,5.2
image_0505.jpg,5.32
image_0506.jpg,5.38
image_0507.jpg,5.69
image_0508.jpg,5.29
image_0509.jpg,5.54
image_0510.jpg,5.22
image_0511.jpg,5.3
image_0512.jpg,5.44
image_0513.jpg,5.42
image_0514.jpg,5.33
image_0515.jpg,5.41
image_0516.jpg,5.34
image_0517.jpg,5.44
image_0518.jpg,5.21
image_0519.jpg,5.43
image_0520.jpg,5.27
image_0521.jpg,5.36
image_0522.jpg,5.26
image_0523.jpg,5.48
image_0524.jpg,5.41
image_0525.jpg,5.27
image_0526.png,5.42
image_0527.jpg,5.24
image_0528.jpg,5.3
image_0529.jpg,5.51
image_0530.jpg,5.38
image_0531.jpg,5.0
image_0532.jpg,5.33
image_0533.jpg,5.37
image_0534.jpg,5.43
image_0535.jpg,5.55
image_0536.jpg,5.16
image_0537.jpg,5.19
image_0538.jpg,5.07
image_0539.jpg,5.33
image_0540.jpg,5.14
image_0541.jpg,5.55
image_0542.jpg,5.6
image_0543.jpg,5.31
image_0544.jpg,5.25
image_0545.jpg,5.36
image_0546.jpg,5.49
image_0547.jpg,5.17
image_0548.jpg,5.28
image_0549.jpg,5.47
image_0550.jpg,5.08
image_0551.jpg,5.5
image_0552.jpg,5.43
image_0553.jpg,5.51
image_0554.jpg,5.52
image_0555.jpg,5.39
image_0556.jpg,5.46
image_0557.jpg,5.48
image_0558.jpg,5.19
image_0559.jpg,5.18
image_0560.jpg,5.29
image_0561.jpg,5.05
image_0562.jpg,5.22
image_0563.jpg,5.44
image_0564.jpg,5.34
image_0565.jpg,5.28
image_0566.jpg,5.1
image_0567.jpg,5.11
image_0568.jpg,5.37
image_0569.jpg,5.51
image_0570.jpg,5.01
image_0571.jpg,5.5
image_0572.jpg,5.28
image_0573.jpg,5.3
image_0574.jpg,5.26
image_0575.jpg,5.41
image_0576.png,5.29
image_0577.png,5.27
image_0578.jpg,5.27
image_0579.jpg,5.29
image_0580.jpg,5.23
image_0581.jpg,5.27
image_0582.jpg,5.23
image_0583.jpg,5.14
image_0584.jpg,5.35
image_0585.jpg,5.24
image_0586.jpg,5.48
image_0587.jpg,5.22
image_0588.jpg,5.43
image_0589.jpg,5.55
image_0590.jpg,5.33
image_0591.jpg,5.39
image_0592.jpg,5.27
image_0593.jpg,5.33
image_0594.jpg,5.0
image_0595.jpg,5.07
image_0596.jpg,5.55
image_0597.jpg,5.38
image_0598.jpg,5.33
image_0599.jpg,5.37
image_0600.jpg,5.31
image_0601.jpg,5.28
image_0602.jpg,5.4
image_0603.jpg,5.12
image_0604.jpg,5.5
image_0605.jpg,5.44
image_0606.jpg,5.38
image_0607.jpg,5.35
image_0608.jpg,5.31
image_0609.jpg,5.25
image_0610.jpg,5.5
image_0611.jpg,5.43
image_0612.jpg,4.83
image_0613.jpg,5.09
image_0614.jpg,5.46
image_0615.jpg,5.1
image_0616.jpg,5.29
image_0617.jpg,5.28
image_0618.jpg,5.39
image_0619.jpg,5.43
image_0620.jpg,5.42
image_0621.jpg,5.38
image_0622.jpg,5.45
image_0623.jpg,5.43
image_0624.jpg,5.35
image_0625.jpg,5.24
image_0626.png,5.48
image_0627.png,5.37
image_0628.png,5.57
image_0629.png,5.3
image_0630.png,5.11
image_0631.jpg,5.37
image_0632.jpg,5.16
image_0633.jpg,5.08
image_0634.jpg,5.11
image_0635.jpg,5.4
image_0636.jpg,5.27
image_0637.jpg,5.26
image_0638.jpg,5.33
image_0639.jpg,5.57
image_0640.jpg,5.23
image_0641.jpg,5.38
image_0642.jpg,5.39
image_0643.jpg,5.27
image_0644.jpg,5.39
image_0645.jpg,5.59
image_0646.jpg,5.22
image_0647.jpg,5.24
image_0648.jpg,5.42
image_0649.jpg,5.32
image_0650.jpg,5.48
image_0651.jpg,5.22
image_0652.jpg,5.33
image_0653.jpg,5.31
image_0654.jpg,5.41
image_0655.jpg,5.29
image_0656.jpg,5.19
image_0657.jpg,5.32
image_0658.jpg,5.19
image_0659.jpg,5.58
image_0660.jpg,5.37
image_0661.jpg,5.47
image_0662.jpg,5.27
image_0663.jpg,5.37
image_0664.jpg,5.35
image_0665.jpg,5.27
image_0666.jpg,5.3
image_0667.jpg,5.35
image_0668.jpg,5.45
image_0669.jpg,5.22
image_0670.jpg,5.34
image_0671.jpg,5.25
image_0672.jpg,5.28
image_0673.jpg,5.47
image_0674.jpg,5.42
image_0675.jpg,5.23
image_0676.jpg,5.27
image_0677.jpg,5.18
image_0678.jpg,5.33
image_0679.jpg,5.34
image_0680.jpg,5.28
image_0681.jpg,5.3
image_0682.jpg,5.33
image_0683.jpg,5.36
image_0684.jpg,5.38
image_0685.jpg,5.29
image_0686.jpg,5.45
image_0687.jpg,5.33
image_0688.jpg,5.62
image_0689.jpg,5.44
image_0690.jpg,5.28
image_0691.png,5.49
image_0692.png,5.27
image_0693.png,5.46
image_0694.png,5.18
image_0695.jpg,5.25
image_0696.jpg,5.53
image_0697.jpg,5.38
image_0698.jpg,5.37
image_0699.jpg,5.23
image_0700.jpg,5.16
image_0701.jpg,5.56
image_0702.jpg,5.23
image_0703.jpg,5.58
image_0704.jpg,5.01
image_0705.jpg,5.16
image_0706.jpg,5.46
image_0707.jpg,5.21
image_0708.jpg,5.45
image_0709.jpg,5.45
image_0710.jpg,5.21
image_0711.jpg,5.0
image_0712.jpg,5.3
image_0713.jpg,5.52
image_0714.jpg,5.31
image_0715.jpg,5.51
image_0716.jpg,5.38
image_0717.jpg,5.27
image_0718.jpg,5.32
image_0719.jpg,5.22
image_0720.jpg,5.13
image_0721.jpg,5.37
image_0722.jpg,5.51
image_0723.jpg,5.26
image_0724.jpg,5.32
image_0725.jpg,5.31
image_0726.jpg,5.28
image_0727.jpg,5.44
image_0728.jpg,5.42
image_0729.jpg,5.51
image_0730.jpg,5.13
image_0731.jpg,5.4
image_0732.jpg,5.55
image_0733.jpg,5.25
image_0734.jpg,5.16
image_0735.jpg,5.47
image_0736.jpg,5.18
image_0737.jpg,5.29
image_0738.jpg,5.21
image_0739.jpg,5.15
image_0740.jpg,5.32
image_0741.jpg,5.55
image_0742.jpg,5.02
image_0743.jpg,5.52
image_0744.jpg,5.16
image_0745.jpg,5.08
image_0746.jpg,5.48
image_0747.jpg,5.28
image_0748.jpg,5.31
image_0749.jpg,5.41
image_0750.jpg,5.35
image_0751.jpg,5.29
image_0752.jpg,5.18
image_0753.jpg,5.25
image_0754.jpg,5.04
image_0755.jpg,5.45
image_0756.jpg,5.42
image_0757.jpg,5.17
image_0758.jpg,5.13
image_0759.jpg,5.11
image_0760.jpg,5.55
image_0761.jpg,4.95
image_0762.jpg,5.63
image_0763.jpg,5.36
image_0764.jpg,4.86
image_0765.jpg,5.25
image_0766.jpg,5.02
image_0767.jpg,5.29
image_0768.jpg,5.43
image_0769.jpg,5.2
image_0770.jpg,5.28
image_0771.jpg,5.49
image_0772.jpg,5.56
image_0773.jpg,5.2
image_0774.jpg,5.44
image_0775.jpg,5.53
image_0776.jpg,5.16
image_0777.png,4.99
image_0778.png,5.47
image_0779.png,5.25
image_0780.png,5.38
image_0781.jpg,5.33
image_0782.jpg,5.0
image_0783.jpg,5.22
image_0784.jpg,5.3
image_0785.jpg,5.44
image_0786.jpg,5.52
image_0787.jpg,5.47
image_0788.jpg,5.43
image_0789.jpg,5.37
image_0790.jpg,5.33
image_0791.jpg,5.06
image_0792.jpg,5.26
image_0793.jpg,5.46
image_0794.jpg,5.17
image_0795.jpg,5.36
image_0796.jpg,5.2
image_0797.jpg,5.51
image_0798.jpg,5.31
image_0799.jpg,5.33
image_0800.jpg,5.48
image_0801.jpg,4.97
image_0802.jpg,5.38
image_0803.jpg,5.41
image_0804.jpg,5.6
image_0805.jpg,5.23
image_0806.jpg,5.3
image_0807.jpg,5.19
image_0808.jpg,5.64
image_0809.jpg,5.35
image_0810.jpg,5.6
image_0811.jpg,5.4
image_0812.jpg,5.17
image_0813.jpg,5.34
image_0814.jpg,5.12
image_0815.jpg,4.92
image_0816.jpg,5.18
image_0817.jpg,5.24
image_0818.jpg,5.37
image_0819.jpg,5.41
image_0820.jpg,5.19
image_0821.jpg,5.38
image_0822.jpg,5.29
image_0823.jpg,5.4
image_0824.jpg,5.0
image_0825.jpg,5.58
image_0826.jpg,5.41
image_0827.jpg,5.54
image_0828.jpg,5.5
image_0829.jpg,5.17
image_0830.jpg,5.34
image_0831.jpg,5.29
image_0832.jpg,5.08
image_0833.jpg,5.26
image_0834.jpg,5.45
image_0835.jpg,5.22
image_0836.jpg,5.63
image_0837.jpg,5.15
image_0838.jpg,5.42
image_0839.jpg,5.38
image_0840.jpg,5.27
image_0841.jpg,5.34
image_0842.jpg,5.3
image_0843.jpg,5.37
image_0844.jpg,5.43
image_0845.jpg,5.2
image_0846.jpg,5.18
image_0847.jpg,5.28
image_0848.jpg,5.32
image_0849.jpg,5.34
image_0850.jpg,5.13
image_0851.jpg,5.3
image_0852.jpg,5.18
image_0853.jpg,4.88
image_0854.jpg,5.1
image_0855.jpg,5.38
image_0856.jpg,5.52
image_0857.jpg,5.41
image_0858.jpg,5.45
image_0859.jpg,5.37
image_0860.jpg,5.39
image_0861.jpg,5.18
image_0862.jpg,5.3
image_0863.jpg,5.52
image_0864.jpg,5.25
image_0865.jpg,5.35
image_0866.jpg,5.24
image_0867.jpg,5.05
image_0868.jpg,5.35
image_0869.jpg,5.43
image_0870.jpg,5.36
image_0871.jpg,5.24
image_0872.jpg,5.49
image_0873.jpg,5.34
image_0874.jpg,5.21
image_0875.jpg,5.54
image_0876.png,5.26
image_0877.png,5.3
image_0878.png,5.44
image_0879.png,5.31
image_0880.png,5.19
image_0881.png,5.29
image_0882.jpg,5.23
image_0883.jpg,5.13
image_0884.jpg,5.27
image_0885.jpg,5.36
image_0886.jpg,5.34
image_0887.jpg,5.23
image_0888.jpg,5.31
image_0889.jpg,5.37
image_0890.jpg,5.33
image_0891.jpg,5.18
image_0892.jpg,5.23
image_0893.jpg,5.28
image_0894.jpg,5.41
image_0895.jpg,5.41
image_0896.jpg,5.41
image_0897.jpg,5.45
image_0898.jpg,5.32
image_0899.jpg,5.02
image_0900.jpg,5.36
image_0901.jpg,5.28
image_0902.jpg,5.13
image_0903.jpg,5.29
image_0904.jpg,5.46
image_0905.jpg,5.29
image_0906.jpg,5.47
image_0907.jpg,5.23
image_0908.jpg,5.18
image_0909.jpg,5.2
image_0910.jpg,5.25
image_0911.jpg,5.16
image_0912.jpg,5.59
image_0913.jpg,5.38
image_0914.jpg,5.27
image_0915.jpg,5.31
image_0916.jpg,5.48
image_0917.jpg,5.0
image_0918.jpg,5.28
image_0919.jpg,5.23
image_0920.jpg,5.15
image_0921.jpg,5.28
image_0922.jpg,5.34
image_0923.jpg,5.39
image_0924.jpg,5.29
image_0925.jpg,5.37
image_0926.jpg,5.26
image_0927.jpg,5.32
image_0928.jpg,5.45
image_0929.jpg,5.35
image_0930.jpg,5.3
image_0931.jpg,5.31
image_0932.jpg,5.39
image_0933.jpg,5.3
image_0934.jpg,5.35
image_0935.jpg,5.08
image_0936.jpg,5.15
image_0937.jpg,5.2
image_0938.jpg,5.28
image_0939.jpg,5.58
image_0940.jpg,5.29
image_0941.jpg,5.51
image_0942.jpg,5.49
image_0943.jpg,5.51
image_0944.jpg,5.43
image_0945.jpg,5.22
image_0946.jpg,5.23
image_0947.jpg,5.55
image_0948.jpg,5.51
image_0949.jpg,5.45
image_0950.jpg,5.46
image_0951.jpg,5.29
image_0952.jpg,5.25
image_0953.jpg,5.4
image_0954.jpg,5.42
image_0955.jpg,5.55
image_0956.jpg,5.11
image_0957.jpg,5.39
image_0958.jpg,5.34
image_0959.jpg,5.12
image_0960.jpg,5.45
image_0961.jpg,5.3
image_0962.jpg,5.56
image_0963.jpg,5.35
image_0964.jpg,5.28
image_0965.jpg,5.16
image_0966.jpg,5.21
image_0967.jpg,5.19
image_0968.jpg,5.08
image_0969.jpg,5.45
image_0970.jpg,5.15
image_0971.jpg,5.32
image_0972.jpg,5.3
image_0973.jpg,5.4
image_0974.jpg,5.17
image_0975.jpg,5.28
image_0976.jpg,5.26
image_0977.jpg,5.24
image_0978.jpg,5.07
image_0979.jpg,5.12
image_0980.jpg,5.41
image_0981.jpg,5.46
image_0982.jpg,5.32
image_0983.jpg,5.32
image_0984.jpg,5.34
image_0985.jpg,5.45
image_0986.jpg,5.17
image_0987.jpg,5.43
image_0988.jpg,5.29
image_0989.jpg,5.33
image_0990.jpg,5.53
image_0991.jpg,5.19
image_0992.jpg,5.45
image_0993.jpg,5.51
image_0994.jpg,5.29
image_0995.jpg,5.18
image_0996.jpg,5.61
image_0997.jpg,5.32
image_0998.jpg,5.19
image_0999.jpg,5.51
image_1000.jpg,5.33
image_1001.jpg,5.59
image_1002.jpg,5.52
image_1003.jpg,5.37
image_1004.jpg,5.3
image_1005.jpg,5.07
image_1006.jpg,5.48
image_1007.jpg,5.03
image_1008.png,5.26
image_1009.png,5.27
image_1010.png,5.45
image_1011.jpg,5.54
image_1012.jpg,5.61
image_1013.jpg,5.24
image_1014.jpg,5.3
image_1015.jpg,5.18
image_1016.jpg,5.11
image_1017.jpg,5.42
image_1018.jpg,5.03
image_1019.jpg,5.37
image_1020.jpg,5.09
image_1021.jpg,5.25
image_1022.jpg,5.32
image_1023.jpg,5.0
image_1024.jpg,5.34
image_1025.jpg,5.27
image_1026.jpg,5.21
image_1027.jpg,5.21
image_1028.jpg,5.29
image_1029.jpg,5.06
image_1030.jpg,5.23
image_1031.jpg,5.34
image_1032.jpg,5.25
image_1033.jpg,5.16
image_1034.jpg,5.41
image_1035.jpg,5.38
image_1036.jpg,5.25
image_1037.jpg,5.18
image_1038.jpg,5.35
image_1039.jpg,5.38
image_1040.jpg,5.25
image_1041.jpg,5.48
image_1042.jpg,5.37
image_1043.jpg,5.44
image_1044.jpg,5.11
image_1045.jpg,5.43
image_1046.jpg,5.08
image_1047.jpg,5.26
image_1048.jpg,5.36
image_1049.jpg,5.39
image_1050.jpg,5.33
image_1051.jpg,5.31
image_1052.jpg,5.41
image_1053.jpg,5.08
image_1054.jpg,5.25
image_1055.jpg,5.24
image_1056.jpg,5.08
image_1057.jpg,5.28
image_1058.jpg,5.48
image_1059.jpg,5.21
image_1060.jpg,5.22
image_1061.jpg,5.51
image_1062.jpg,5.44
image_1063.jpg,5.34
image_1064.jpg,5.24
image_1065.jpg,5.34
image_1066.jpg,5.26
image_1067.jpg,5.33
image_1068.jpg,5.36
image_1069.jpg,5.39
image_1070.jpg,5.37
image_1071.jpg,5.43
image_1072.jpg,5.18
image_1073.jpg,5.25
image_1074.jpg,5.36
image_1075.jpg,5.29
image_1076.jpg,5.29
image_1077.jpg,5.37
image_1078.jpg,5.34
image_1079.jpg,5.35
image_1080.jpg,5.35
image_1081.jpg,5.27
image_1082.jpg,5.3
image_1083.jpg,5.34
image_1084.jpg,5.02
image_1085.jpg,5.39
image_1086.jpg,5.68
image_1087.jpg,4.89
image_1088.jpg,5.41
image_1089.jpg,5.4
image_1090.jpg,5.28
image_1091.jpg,5.02
image_1092.jpg,5.36
image_1093.jpg,5.51
image_1094.jpg,5.29
image_1095.jpg,5.35
image_1096.jpg,5.27
image_1097.jpg,5.16
image_1098.jpg,5.31
image_1099.jpg,5.38
image_1100.jpg,5.37
image_1101.jpg,5.35
image_1102.jpg,5.05
image_1103.jpg,5.26
image_1104.jpg,5.19
image_1105.jpg,5.29
image_1106.jpg,5.33
image_1107.jpg,5.3
image_1108.jpg,5.4
image_1109.jpg,5.06
image_1110.jpg,5.15
image_1111.jpg,5.52
image_1112.jpg,5.35
image_1113.jpg,5.04
image_1114.jpg,5.17
image_1115.jpg,5.14
image_1116.jpg,5.24
image_1117.jpg,5.49
image_1118.jpg,5.36
image_1119.jpg,5.44
image_1120.jpg,5.56
image_1121.jpg,5.14
image_1122.jpg,5.25
image_1123.jpg,5.34
image_1124.jpg,5.51
image_1125.jpg,5.02
image_1126.jpg,5.3
image_1127.jpg,5.15
image_1128.jpg,5.41
image_1129.jpg,5.32
image_1130.jpg,5.29
image_1131.jpg,5.16
image_1132.jpg,5.24
image_1133.jpg,5.08
image_1134.jpg,5.18
image_1135.jpg,5.46
image_1136.jpg,5.31
image_1137.jpg,5.15
image_1138.jpg,5.26
image_1139.jpg,5.14
image_1140.jpg,5.29
image_1141.jpg,5.27
image_1142.jpg,5.38
image_1143.jpg,4.97
image_1144.jpg,5.21
image_1145.jpg,5.37
image_1146.jpg,5.34
image_1147.jpg,5.52
image_1148.jpg,5.28
image_1149.jpg,5.23
image_1150.jpg,5.14
image_1151.jpg,5.34
image_1152.jpg,5.53
image_1153.jpg,5.32
image_1154.jpg,5.51
image_1155.jpg,5.25
image_1156.jpg,5.52
image_1157.jpg,5.3
image_1158.jpg,5.34
image_1159.jpg,5.1
image_1160.jpg,5.39
image_1161.jpg,5.13
image_1162.jpg,5.33
image_1163.jpg,5.64
image_1164.jpg,5.69
image_1165.jpg,5.4
image_1166.jpg,5.3
image_1167.jpg,5.21
image_1168.jpg,5.31
image_1169.jpg,5.41
image_1170.jpg,5.18
image_1171.jpg,5.11
image_1172.jpg,5.27
image_1173.png,5.54
image_1174.png,5.49
image_1175.png,5.5
image_1176.png,5.34
image_1177.jpg,5.21
image_1178.jpg,5.03
image_1179.jpg,5.53
image_1180.jpg,5.3
image_1181.jpg,5.3
image_1182.jpg,5.22
image_1183.jpg,5.45
image_1184.jpg,5.21
image_1185.jpg,5.27
image_1186.jpg,5.18
image_1187.jpg,5.25
image_1188.jpg,4.96
image_1189.jpg,5.12
image_1190.jpg,5.14
image_1191.jpg,5.33
image_1192.jpg,5.22
image_1193.jpg,5.65
image_1194.jpg,5.38
image_1195.jpg,5.06
image_1196.jpg,5.25
image_1197.jpg,5.28
image_1198.jpg,5.28
image_1199.jpg,5.09
image_1200.jpg,5.57
image_1201.jpg,5.45
image_1202.jpg,5.21
image_1203.jpg,5.34
image_1204.jpg,5.41
image_1205.jpg,5.29
image_1206.jpg,5.21
image_1207.jpg,5.29
image_1208.jpg,5.26
image_1209.jpg,5.27
image_1210.jpg,5.43
image_1211.jpg,5.21
image_1212.jpg,5.4
image_1213.jpg,5.36
image_1214.jpg,5.11
image_1215.jpg,5.03
image_1216.jpg,5.19
image_1217.jpg,5.19
image_1218.jpg,5.19
image_1219.jpg,5.42
image_1220.jpg,5.29
image_1221.jpg,5.27
image_1222.jpg,5.22
image_1223.jpg,4.99
image_1224.jpg,5.63
image_1225.jpg,5.57
image_1226.jpg,5.28
image_1227.jpg,5.26
image_1228.jpg,5.02
image_1229.jpg,5.38
image_1230.jpg,5.27
image_1231.jpg,5.21
image_1232.jpg,5.33
image_1233.jpg,5.41
image_1234.jpg,5.26
image_1235.jpg,5.4
image_1236.jpg,5.28
image_1237.jpg,5.41
image_1238.jpg,5.34
image_1239.jpg,5.5
image_1240.jpg,5.44
image_1241.jpg,5.39
image_1242.jpg,5.26
image_1243.jpg,5.31
image_1244.jpg,5.21
image_1245.jpg,5.26
image_1246.jpg,5.43
image_1247.jpg,5.38
image_1248.jpg,5.6
image_1249.jpg,5.47
image_1250.jpg,5.22
image_1251.jpg,5.1
image_1252.jpg,5.17
image_1253.jpg,5.4
image_1254.jpg,5.2
image_1255.jpg,5.16
image_1256.jpg,5.25
image_1257.jpg,5.52
image_1258.jpg,5.53
image_1259.jpg,5.44
image_1260.jpg,5.67
image_1261.jpg,5.19
image_1262.jpg,5.16
image_1263.jpg,5.15
image_1264.jpg,5.14
image_1265.jpg,5.54
image_1266.jpg,5.29
image_1267.jpg,5.27
image_1268.jpg,5.16
image_1269.jpg,5.33
image_1270.jpg,5.14
image_1271.jpg,5.36
image_1272.jpg,5.33
image_1273.jpg,5.56
image_1274.jpg,5.22
image_1275.jpg,5.34
image_1276.jpg,5.15
image_1277.jpg,5.23
image_1278.jpg,5.35
image_1279.jpg,5.43
image_1280.jpg,5.33
image_1281.jpg,5.41
image_1282.jpg,5.38
image_1283.jpg,5.25
image_1284.jpg,4.99
image_1285.jpg,5.0
image_1286.jpg,5.42
image_1287.jpg,5.27
image_1288.jpg,5.33
image_1289.jpg,5.46
image_1290.jpg,5.18
image_1291.jpg,5.25
image_1292.jpg,5.18
image_1293.jpg,5.19
image_1294.jpg,5.05
image_1295.jpg,5.19
image_1296.jpg,5.13
image_1297.jpg,5.57
image_1298.jpg,5.1
image_1299.jpg,4.94
image_1300.jpg,5.5
image_1301.jpg,5.47
image_1302.jpg,5.36
image_1303.jpg,5.05
image_1304.jpg,5.08
image_1305.jpg,5.47
image_1306.jpg,5.21
image_1307.jpg,5.33
image_1308.jpg,5.5
image_1309.jpg,5.48
image_1310.jpg,5.4
image_1311.jpg,5.12
image_1312.jpg,5.39
image_1313.jpg,5.05
image_1314.jpg,5.33
image_1315.jpg,5.4
image_1316.jpg,5.28
image_1317.jpg,5.24
image_1318.jpg,5.24
image_1319.jpg,5.19
image_1320.jpg,5.35
image_1321.jpg,5.22
image_1322.jpg,5.08
image_1323.jpg,5.07
image_1324.jpg,5.18
image_1325.jpg,5.42
image_1326.jpg,5.42
image_1327.jpg,5.22
image_1328.jpg,5.3
image_1329.jpg,5.4
image_1330.jpg,5.12
image_1331.jpg,5.24
image_1332.jpg,5.52
image_1333.jpg,5.09
image_1334.jpg,5.44
image_1335.jpg,5.31
image_1336.jpg,5.32
image_1337.jpg,5.31
image_1338.jpg,5.13
image_1339.jpg,5.57
image_1340.png,5.29
image_1341.png,5.33
image_1342.png,5.18
image_1343.png,5.38
image_1344.png,5.55
image_1345.jpg,5.35
image_1346.jpg,5.02
image_1347.jpg,5.33
image_1348.jpg,5.12
image_1349.jpg,5.3
image_1350.jpg,5.34
image_1351.jpg,5.27
image_1352.jpg,5.2
image_1353.jpg,5.33
image_1354.jpg,5.15
image_1355.jpg,5.3
image_1356.jpg,5.13
image_1357.jpg,5.55
image_1358.jpg,5.52
image_1359.jpg,5.33
image_1360.jpg,5.32
image_1361.jpg,5.0
image_1362.jpg,5.27
image_1363.jpg,5.27
image_1364.jpg,5.36
image_1365.jpg,5.35
image_1366.jpg,5.44
image_1367.jpg,5.33
image_1368.jpg,5.42
image_1369.jpg,5.42
image_1370.jpg,5.07
image_1371.jpg,5.33
image_1372.jpg,5.49
image_1373.jpg,5.32
image_1374.jpg,5.26
image_1375.jpg,5.33
image_1376.jpg,5.28
image_1377.jpg,5.35
image_1378.jpg,5.45
image_1379.jpg,5.46
image_1380.jpg,5.43
image_1381.jpg,5.42
image_1382.jpg,5.39
image_1383.jpg,5.3
image_1384.jpg,5.64
image_1385.jpg,5.1
image_1386.jpg,5.62
image_1387.jpg,5.31
image_1388.jpg,5.26
image_1389.jpg,5.36
image_1390.jpg,5.33
image_1391.jpg,5.3
image_1392.jpg,5.44
image_1393.jpg,5.34
image_1394.jpg,5.24
image_1395.jpg,5.39
image_1396.jpg,5.37
image_1397.jpg,5.3
image_1398.jpg,5.31
image_1399.jpg,5.34
image_1400.jpg,5.38
image_1401.jpg,5.22
image_1402.jpg,4.87
image_1403.jpg,5.24
image_1404.jpg,5.23
image_1405.jpg,5.27
image_1406.jpg,5.54
image_1407.jpg,5.16
image_1408.jpg,5.11
image_1409.jpg,5.09
image_1410.jpg,5.41
image_1411.jpg,5.05
image_1412.jpg,5.31
image_1413.jpg,5.5
image_1414.jpg,5.59
image_1415.jpg,5.5
image_1416.jpg,5.23
image_1417.jpg,5.2
image_1418.jpg,5.61
image_1419.jpg,5.47
image_1420.jpg,5.31
image_1421.jpg,5.33
image_1422.jpg,5.44
image_1423.jpg,5.2
image_1424.jpg,5.52
image_1425.jpg,5.26
image_1426.jpg,5.55
image_1427.jpg,5.07
image_1428.jpg,5.3
image_1429.jpg,5.28
image_1430.jpg,5.18
image_1431.jpg,5.2
image_1432.jpg,5.36
image_1433.jpg,5.35
image_1434.jpg,5.56
image_1435.jpg,5.47
image_1436.jpg,5.48
image_1437.jpg,5.48
image_1438.jpg,5.26
image_1439.jpg,5.33
image_1440.jpg,5.19
image_1441.jpg,5.26
image_1442.jpg,5.17
image_1443.jpg,5.32
image_1444.jpg,5.36
image_1445.jpg,5.35
image_1446.jpg,5.3
image_1447.jpg,5.62
image_1448.jpg,5.44
image_1449.jpg,5.34
image_1450.jpg,5.36
image_1451.jpg,5.47
image_1452.jpg,5.18
image_1453.jpg,5.37
image_1454.jpg,5.33
image_1455.jpg,5.44
image_1456.jpg,5.37
image_1457.jpg,5.38
image_1458.jpg,5.24
image_1459.jpg,5.21
image_1460.jpg,5.24
image_1461.jpg,5.06
image_1462.jpg,5.09
image_1463.jpg,5.2
image_1464.jpg,5.41
image_1465.jpg,5.32
image_1466.jpg,5.27
image_1467.jpg,5.42
image_1468.jpg,5.3
image_1469.jpg,5.42
image_1470.jpg,5.09
image_1471.jpg,5.25
image_1472.jpg,5.46
image_1473.jpg,5.4
image_1474.jpg,5.43
image_1475.jpg,5.29
image_1476.jpg,5.26
image_1477.jpg,5.4
image_1478.jpg,5.19
image_1479.jpg,5.37
image_1480.jpg,5.46
image_1481.jpg,5.38
image_1482.jpg,5.38
image_1483.jpg,5.05
image_1484.jpg,5.22
image_1485.jpg,5.35
image_1486.jpg,5.37
image_1487.jpg,5.39
image_1488.jpg,5.4
image_1489.jpg,5.47
image_1490.jpg,5.13
image_1491.jpg,5.29
image_1492.jpg,5.4
image_1493.jpg,5.29
image_1494.jpg,5.54
image_1495.jpg,5.32
image_1496.jpg,5.5
image_1497.jpg,5.3
image_1498.jpg,5.29
image_1499.jpg,5.15
image_1500.jpg,5.14
image_1501.jpg,5.23
image_1502.jpg,5.17
image_1503.jpg,5.3
image_1504.jpg,5.48
image_1505.jpg,5.2
image_1506.jpg,5.32
image_1507.jpg,5.4
image_1508.jpg,5.31
image_1509.jpg,5.37
image_1510.jpg,5.39
image_1511.jpg,5.22
image_1512.jpg,5.44
image_1513.jpg,5.32
image_1514.jpg,5.43
image_1515.jpg,5.19
image_1516.jpg,5.35
image_1517.jpg,5.23
image_1518.jpg,5.06
image_1519.jpg,5.22
image_1520.jpg,5.31
image_1521.jpg,5.28
image_1522.jpg,5.15
image_1523.jpg,5.25
image_1524.jpg,5.48
image_1525.jpg,5.38
image_1526.jpg,5.27
image_1527.jpg,5.31
image_1528.jpg,5.42
image_1529.jpg,5.08
image_1530.png,5.49
image_1531.png,5.47
image_1532.png,5.39
image_1533.png,5.45
image_1534.jpg,5.36
image_1535.jpg,5.36
image_1536.jpg,5.25
image_1537.jpg,5.36
image_1538.jpg,5.41
image_1539.jpg,5.06
image_1540.jpg,5.29
image_1541.jpg,5.41
image_1542.jpg,5.28
image_1543.jpg,5.3
image_1544.jpg,4.88
image_1545.jpg,5.17
image_1546.jpg,5.29
image_1547.jpg,5.41
image_1548.jpg,5.22
image_1549.jpg,5.34
image_1550.jpg,5.31
image_1551.jpg,5.35
image_1552.jpg,5.06
image_1553.jpg,5.28
image_1554.jpg,5.42
image_1555.jpg,5.05
image_1556.jpg,5.25
image_1557.jpg,5.04
image_1558.jpg,5.35
image_1559.jpg,5.36
image_1560.jpg,5.6
image_1561.jpg,5.29
image_1562.jpg,5.5
image_1563.jpg,5.4
image_1564.jpg,5.24
image_1565.jpg,5.37
image_1566.jpg,5.33
image_1567.jpg,5.46
image_1568.jpg,5.32
image_1569.jpg,5.06
image_1570.jpg,5.49
image_1571.jpg,5.15
image_1572.jpg,5.09
image_1573.jpg,5.15
image_1574.jpg,5.33
image_1575.jpg,5.21
image_1576.jpg,5.37
image_1577.jpg,5.58
image_1578.jpg,4.99
image_1579.jpg,5.31
image_1580.jpg,5.18
image_1581.jpg,5.4
image_1582.jpg,5.28
image_1583.jpg,5.3
image_1584.jpg,5.46
image_1585.jpg,5.26
image_1586.jpg,5.08
image_1587.jpg,5.2
image_1588.jpg,5.32
image_1589.jpg,5.23
image_1590.jpg,5.5
image_1591.jpg,5.12
image_1592.jpg,5.51
image_1593.jpg,5.39
image_1594.jpg,5.35
image_1595.jpg,5.49
image_1596.jpg,5.24
image_1597.jpg,5.54
image_1598.jpg,5.41
image_1599.jpg,5.06
image_1600.jpg,5.23
image_1601.jpg,5.06
image_1602.jpg,5.42
image_1603.jpg,5.29
image_1604.jpg,5.32
image_1605.jpg,5.18
image_1606.jpg,5.18
image_1607.jpg,5.24
image_1608.jpg,5.52
image_1609.jpg,5.18
image_1610.jpg,5.13
image_1611.jpg,5.57
image_1612.jpg,5.29
image_1613.jpg,5.29
image_1614.jpg,5.26
image_1615.jpg,5.17
image_1616.jpg,5.2
image_1617.jpg,5.24
image_1618.jpg,5.4
image_1619.jpg,5.37
image_1620.jpg,5.44
image_1621.jpg,5.13
image_1622.jpg,5.09
image_1623.jpg,5.3
image_1624.jpg,5.21
image_1625.jpg,5.18
image_1626.jpg,5.37
image_1627.jpg,5.41
image_1628.jpg,5.35
image_1629.jpg,5.32
image_1630.jpg,5.35
image_1631.jpg,5.43
image_1632.jpg,5.22
image_1633.jpg,5.13
image_1634.jpg,5.34
image_1635.jpg,5.33
image_1636.jpg,5.63
image_1637.jpg,5.4
image_1638.jpg,5.44
image_1639.jpg,5.3
image_1640.jpg,5.33
image_1641.jpg,5.36
image_1642.jpg,5.41
image_1643.jpg,5.34
image_1644.jpg,5.47
image_1645.jpg,5.39
image_1646.jpg,5.22
image_1647.jpg,5.51
image_1648.jpg,5.4
image_1649.jpg,5.26
image_1650.jpg,5.27
image_1651.jpg,5.33
image_1652.jpg,5.43
image_1653.jpg,5.46
image_1654.jpg,5.3
image_1655.jpg,5.22
image_1656.jpg,5.36
image_1657.jpg,5.28
image_1658.jpg,5.27
image_1659.jpg,5.38
image_1660.jpg,5.32
image_1661.jpg,5.3
image_1662.jpg,5.53
image_1663.jpg,5.4
image_1664.jpg,5.6
image_1665.jpg,5.33
image_1666.jpg,5.44
image_1667.jpg,5.46
image_1668.jpg,5.29
image_1669.jpg,5.22
image_1670.jpg,5.46
image_1671.jpg,5.41
image_1672.jpg,5.51
image_1673.jpg,5.46
image_1674.jpg,5.45
image_1675.jpg,5.1
image_1676.jpg,5.49
image_1677.jpg,5.57
image_1678.jpg,5.33
image_1679.jpg,5.14
image_1680.jpg,5.39
image_1681.jpg,5.16
image_1682.jpg,5.42
image_1683.jpg,5.3
image_1684.jpg,5.4
image_1685.jpg,5.51
image_1686.jpg,5.44
image_1687.jpg,5.23
image_1688.jpg,5.25
image_1689.jpg,5.29
image_1690.jpg,5.37
image_1691.jpg,5.55
image_1692.jpg,5.06
image_1693.jpg,5.41
image_1694.jpg,5.21
image_1695.jpg,5.24
image_1696.jpg,5.15
image_1697.jpg,5.27
image_1698.jpg,5.42
image_1699.jpg,5.26
image_1700.jpg,5.53
image_1701.jpg,5.27
image_1702.jpg,5.24
image_1703.jpg,5.29
image_1704.jpg,5.31
image_1705.jpg,5.5
image_1706.jpg,5.43
image_1707.jpg,5.33
image_1708.jpg,5.18
image_1709.jpg,5.43
image_1710.jpg,5.31
image_1711.jpg,5.25
image_1712.jpg,5.37
image_1713.jpg,5.27
image_1714.jpg,5.38
image_1715.jpg,5.44
image_1716.jpg,5.36
image_1717.jpg,5.55
image_1718.jpg,5.23
image_1719.jpg,5.36
image_1720.jpg,5.18
image_1721.jpg,5.33
image_1722.jpg,5.68
image_1723.jpg,5.23
image_1724.jpg,5.26
image_1725.jpg,5.2
image_1726.jpg,5.05
image_1727.jpg,5.39
image_1728.jpg,5.39
image_1729.jpg,5.55
image_1730.jpg,5.22
image_1731.jpg,5.31
image_1732.jpg,5.3
image_1733.jpg,5.1
image_1734.jpg,5.4
image_1735.jpg,5.48
image_1736.jpg,5.3
image_1737.jpg,5.23
image_1738.jpg,5.25
image_1739.jpg,5.54
image_1740.jpg,5.38
image_1741.jpg,5.5
image_1742.jpg,5.51
image_1743.jpg,5.1
image_1744.jpg,5.64
image_1745.jpg,5.42
image_1746.jpg,5.45
image_1747.jpg,5.27
image_1748.jpg,5.61
image_1749.jpg,5.36
image_1750.jpg,5.04
image_1751.jpg,5.53
image_1752.jpg,5.45
image_1753.jpg,5.33
image_1754.jpg,5.27
image_1755.jpg,5.25
image_1756.jpg,4.94
image_1757.jpg,5.24
image_1758.jpg,5.16
image_1759.jpg,5.1
image_1760.jpg,5.18
image_1761.png,5.58
image_1762.png,5.59
image_1763.jpg,5.29
image_1764.png,5.15
image_1765.png,5.47
image_1766.png,5.46
image_1767.png,5.32
image_1768.jpg,5.14
image_1769.png,5.65
image_1770.jpg,5.16
image_1771.jpg,5.37
image_1772.jpg,5.28
image_1773.jpg,5.11
image_1774.jpg,5.16
image_1775.jpg,5.43
image_1776.jpg,5.11
image_1777.jpg,5.39
image_1778.jpg,5.2
image_1779.jpg,5.2
image_1780.jpg,5.28
image_1781.jpg,5.41
image_1782.jpg,5.49
image_1783.jpg,5.46
image_1784.jpg,5.45
image_1785.jpg,5.38
image_1786.jpg,5.46
image_1787.jpg,5.25
image_1788.jpg,5.38
image_1789.jpg,5.32
image_1790.jpg,5.13
image_1791.jpg,5.46
image_1792.jpg,4.98
image_1793.jpg,5.07
image_1794.jpg,4.89
image_1795.jpg,5.25
image_1796.jpg,5.06
image_1797.jpg,5.22
image_1798.jpg,5.07
image_1799.jpg,5.23
image_1800.jpg,5.21
image_1801.jpg,5.34
image_1802.jpg,5.2
image_1803.jpg,5.46
image_1804.jpg,5.44
image_1805.jpg,5.19
image_1806.jpg,5.26
image_1807.jpg,5.19
image_1808.jpg,5.35
image_1809.jpg,5.28
image_1810.jpg,5.45
image_1811.jpg,5.34
image_1812.jpg,5.39
image_1813.jpg,5.13
image_1814.jpg,5.44
image_1815.jpg,5.41
image_1816.jpg,5.55
image_1817.jpg,5.04
image_1818.jpg,5.11
image_1819.jpg,5.21
image_1820.jpg,5.31
image_1821.jpg,5.25
image_1822.jpg,5.28
image_1823.jpg,5.34
image_1824.jpg,5.14
image_1825.jpg,5.16
image_1826.jpg,5.46
image_1827.jpg,5.3
image_1828.jpg,5.35
image_1829.jpg,5.37
image_1830.jpg,5.28
image_1831.jpg,5.49
image_1832.jpg,5.42
image_1833.jpg,5.39
image_1834.jpg,5.36
image_1835.jpg,5.24
image_1836.jpg,5.43
image_1837.jpg,5.3
image_1838.jpg,5.37
image_1839.jpg,5.18
image_1840.jpg,5.16
image_1841.jpg,5.26
image_1842.jpg,5.38
image_1843.jpg,5.31
image_1844.jpg,5.33
image_1845.jpg,5.36
image_1846.jpg,5.09
image_1847.jpg,5.26
image_1848.jpg,5.2
image_1849.jpg,5.25
image_1850.jpg,5.34
image_1851.jpg,5.23
image_1852.jpg,5.18
image_1853.jpg,5.37
image_1854.jpg,5.19
image_1855.jpg,5.17
image_1856.jpg,5.19
image_1857.jpg,5.61
image_1858.jpg,5.34
image_1859.jpg,5.26
image_1860.jpg,5.28
image_1861.jpg,5.21
image_1862.jpg,5.29
image_1863.jpg,5.32
image_1864.jpg,5.39
image_1865.jpg,5.22
image_1866.jpg,5.17
image_1867.jpg,5.37
image_1868.jpg,5.53
image_1869.jpg,5.24
image_1870.jpg,5.25
image_1871.jpg,5.4
image_1872.jpg,5.04
image_1873.jpg,5.1
image_1874.jpg,5.49
image_1875.jpg,5.39
image_1876.jpg,5.38
image_1877.jpg,5.21
image_1878.jpg,5.29
image_1879.jpg,5.2
image_1880.jpg,5.29
image_1881.jpg,5.14
image_1882.jpg,5.0
image_1883.jpg,5.49
image_1884.jpg,5.28
image_1885.jpg,5.15
image_1886.jpg,5.48
image_1887.jpg,5.25
image_1888.jpg,5.27
image_1889.jpg,5.32
image_1890.jpg,5.47
image_1891.jpg,5.34
image_1892.jpg,5.15
image_1893.jpg,5.16
image_1894.jpg,5.5
image_1895.jpg,5.58
image_1896.jpg,5.42
image_1897.jpg,5.12
image_1898.jpg,5.17
image_1899.jpg,5.44
image_1900.jpg,5.44
image_1901.jpg,5.23
image_1902.jpg,5.25
image_1903.jpg,5.21
image_1904.jpg,5.35
image_1905.jpg,5.45
image_1906.jpg,5.66
image_1907.jpg,5.43
image_1908.jpg,5.46
image_1909.jpg,5.21
image_1910.jpg,5.32
image_1911.jpg,5.24
image_1912.jpg,5.17
image_1913.jpg,5.2
image_1914.jpg,5.49
image_1915.jpg,5.17
image_1916.jpg,5.48
image_1917.jpg,5.52
image_1918.jpg,5.27
image_1919.jpg,5.12
image_1920.jpg,5.09
image_1921.jpg,5.43
image_1922.jpg,5.31
image_1923.jpg,5.32
image_1924.jpg,5.23
image_1925.jpg,5.31
image_1926.jpg,5.25
image_1927.jpg,5.35
image_1928.jpg,5.56
image_1929.jpg,5.45
image_1930.jpg,5.46
image_1931.jpg,5.24
image_1932.jpg,5.51
image_1933.jpg,5.56
image_1934.jpg,5.31
image_1935.jpg,5.22
image_1936.jpg,5.52
image_1937.jpg,5.28
image_1938.jpg,5.49
image_1939.jpg,5.09
image_1940.jpg,5.13
image_1941.jpg,5.34
image_1942.jpg,5.3
image_1943.jpg,5.39
image_1944.jpg,5.27
image_1945.jpg,5.19
image_1946.jpg,5.33
image_1947.jpg,5.45
image_1948.jpg,5.28
image_1949.jpg,5.45
image_1950.jpg,5.38
image_1951.jpg,5.16
image_1952.jpg,5.51
image_1953.jpg,5.28
image_1954.jpg,5.5
image_1955.jpg,5.14
image_1956.jpg,5.29
image_1957.jpg,5.36
image_1958.jpg,5.3
image_1959.jpg,5.56
image_1960.jpg,5.31
image_1961.jpg,5.37
image_1962.jpg,5.1
image_1963.jpg,5.42
image_1964.jpg,5.3
image_1965.jpg,5.41
image_1966.jpg,5.57
image_1967.jpg,5.32
image_1968.jpg,5.37
image_1969.jpg,5.44
image_1970.jpg,5.57
image_1971.jpg,5.41
image_1972.jpg,5.33
image_1973.jpg,5.31
image_1974.jpg,5.02
image_1975.jpg,5.33
image_1976.jpg,5.18
image_1977.jpg,5.18
image_1978.jpg,5.35
image_1979.jpg,5.29
image_1980.jpg,5.38
image_1981.jpg,5.24
image_1982.jpg,5.42
image_1983.jpg,5.2
image_1984.jpg,5.03
image_1985.jpg,5.02
image_1986.jpg,5.08
image_1987.jpg,5.24
image_1988.jpg,5.34
image_1989.jpg,5.14
image_1990.jpg,5.26
image_1991.jpg,5.01
image_1992.jpg,5.18
image_1993.jpg,5.45
image_1994.jpg,5.27
image_1995.jpg,5.18
image_1996.jpg,5.05
image_1997.jpg,5.43
image_1998.jpg,5.26
image_1999.jpg,4.93
image_2000.jpg,5.32
image_2001.jpg,5.12
image_2002.jpg,5.09
image_2003.jpg,5.18
image_2004.jpg,5.18
image_2005.jpg,5.34
image_2006.jpg,5.38
image_2007.jpg,5.27
image_2008.jpg,5.26
image_2009.jpg,5.48
image_2010.jpg,5.32
image_2011.jpg,5.25
image_2012.jpg,5.13
image_2013.jpg,5.57
image_2014.jpg,5.46
image_2015.jpg,5.27
image_2016.jpg,5.26
image_2017.jpg,5.38
image_2018.jpg,5.42
image_2019.jpg,5.21
image_2020.png,5.12
image_2021.jpg,5.45
image_2022.jpg,5.27
image_2023.jpg,5.3
image_2024.jpg,5.15
image_2025.jpg,5.01
image_2026.jpg,5.13
image_2027.jpg,5.34
image_2028.jpg,5.54
image_2029.jpg,5.32
image_2030.jpg,5.23
image_2031.jpg,5.22
image_2032.jpg,5.25
image_2033.jpg,5.47
image_2034.jpg,5.31
image_2035.jpg,5.37
image_2036.jpg,5.49
image_2037.jpg,5.56
image_2038.jpg,5.24
image_2039.jpg,5.17
image_2040.jpg,5.44
image_2041.jpg,5.45
image_2042.jpg,5.38
image_2043.jpg,5.24
image_2044.jpg,5.48
image_2045.jpg,5.22
image_2046.jpg,5.33
image_2047.jpg,5.05
image_2048.jpg,5.19
image_2049.jpg,5.47
image_2050.jpg,5.11
image_2051.jpg,5.15
image_2052.jpg,5.46
image_2053.jpg,5.32
image_2054.jpg,5.2
image_2055.jpg,5.3
image_2056.jpg,5.44
image_2057.jpg,5.14
image_2058.jpg,5.32
image_2059.jpg,5.37
image_2060.jpg,5.25
image_2061.jpg,5.34
image_2062.jpg,5.66
image_2063.jpg,5.3
image_2064.jpg,5.54
image_2065.jpg,5.2
image_2066.png,5.23
image_2067.png,5.36
image_2068.png,5.04
image_2069.png,5.4
image_2070.png,5.51
image_2071.png,5.07
image_2072.png,5.37
image_2073.jpg,5.47
image_2074.jpg,5.14
image_2075.jpg,5.38
image_2076.jpg,5.38
image_2077.jpg,5.4
image_2078.jpg,5.55
image_2079.jpg,5.3
image_2080.jpg,5.27
image_2081.jpg,5.44
image_2082.jpg,5.18
image_2083.jpg,5.3
image_2084.jpg,5.25
image_2085.jpg,5.27
image_2086.jpg,5.22
image_2087.jpg,5.47
image_2088.jpg,5.35
image_2089.jpg,5.2
image_2090.jpg,5.48
image_2091.jpg,5.35
image_2092.jpg,5.55
image_2093.jpg,5.26
image_2094.jpg,5.21
image_2095.jpg,5.1
image_2096.jpg,5.2
image_2097.jpg,5.03
image_2098.jpg,5.29
image_2099.jpg,5.15
image_2100.jpg,5.26
image_2101.jpg,5.3
image_2102.jpg,5.04
image_2103.jpg,5.36
image_2104.jpg,5.35
image_2105.jpg,5.58
image_2106.jpg,5.05
image_2107.jpg,5.13
image_2108.jpg,5.34
image_2109.jpg,5.07
image_2110.jpg,5.53
image_2111.jpg,5.18
image_2112.jpg,4.94
image_2113.jpg,5.09
image_2114.jpg,5.55
image_2115.jpg,5.2
image_2116.jpg,5.31
image_2117.jpg,5.25
image_2118.jpg,5.14
image_2119.jpg,5.56
image_2120.jpg,5.33
image_2121.jpg,5.24
image_2122.jpg,5.21
image_2123.jpg,5.29
image_2124.jpg,5.25
image_2125.jpg,5.1
image_2126.jpg,5.12
image_2127.jpg,5.27
image_2128.jpg,5.2
image_2129.jpg,5.38
image_2130.jpg,5.2
image_2131.jpg,5.23
image_2132.jpg,5.23
image_2133.jpg,5.56
image_2134.jpg,5.66
image_2135.jpg,5.32
image_2136.jpg,5.45
image_2137.jpg,5.41
image_2138.jpg,5.28
image_2139.jpg,5.31
image_2140.jpg,5.09
image_2141.jpg,5.03
image_2142.jpg,5.42
image_2143.jpg,5.24
image_2144.jpg,5.3
image_2145.jpg,5.36
image_2146.jpg,5.35
image_2147.jpg,5.34
image_2148.jpg,5.24
image_2149.jpg,5.33
image_2150.jpg,5.34
image_2151.jpg,5.03
image_2152.jpg,4.95
image_2153.jpg,5.53
image_2154.jpg,5.41
image_2155.jpg,5.38
image_2156.jpg,5.35
image_2157.jpg,5.18
image_2158.jpg,5.34
image_2159.jpg,5.45
image_2160.jpg,5.08
image_2161.jpg,5.1
image_2162.jpg,5.53
image_2163.jpg,5.45
image_2164.jpg,5.37
image_2165.jpg,5.23
image_2166.jpg,5.34
image_2167.jpg,5.38
image_2168.jpg,5.25
image_2169.jpg,5.49
image_2170.jpg,5.23
image_2171.jpg,5.73
image_2172.jpg,5.46
image_2173.jpg,5.03
image_2174.jpg,5.43
image_2175.jpg,5.25
image_2176.jpg,5.31
image_2177.jpg,5.46
image_2178.jpg,5.45
image_2179.jpg,5.34
image_2180.jpg,5.6
image_2181.jpg,5.3
image_2182.jpg,5.42
image_2183.jpg,5.55
image_2184.jpg,5.51
image_2185.jpg,5.22
image_2186.jpg,5.19
image_2187.jpg,5.45
image_2188.jpg,5.41
image_2189.jpg,5.36
image_2190.jpg,5.26
image_2191.jpg,5.0
image_2192.jpg,5.06
image_2193.jpg,5.05
image_2194.jpg,5.39
image_2195.jpg,5.2
image_2196.jpg,5.42
image_2197.jpg,5.35
image_2198.jpg,5.26
image_2199.jpg,5.2
image_2200.jpg,5.31
image_2201.jpg,5.36
image_2202.jpg,5.32
image_2203.jpg,5.26
image_2204.jpg,5.42
image_2205.jpg,5.26
image_2206.jpg,5.39
image_2207.jpg,5.38
image_2208.jpg,5.27
image_2209.jpg,5.41
image_2210.jpg,5.44
image_2211.jpg,5.34
image_2212.jpg,4.98
image_2213.jpg,5.14
image_2214.jpg,5.41
image_2215.jpg,5.38
image_2216.jpg,5.35
image_2217.jpg,5.26
image_2218.jpg,5.31
image_2219.jpg,5.24
image_2220.jpg,5.07
image_2221.jpg,5.29
image_2222.jpg,5.35
image_2223.jpg,5.49
image_2224.jpg,5.34
image_2225.jpg,5.39
image_2226.jpg,5.56
image_2227.jpg,5.27
image_2228.jpg,5.19
image_2229.jpg,5.1
image_2230.jpg,5.5
image_2231.jpg,5.39
image_2232.jpg,5.09
image_2233.jpg,5.13
image_2234.jpg,5.4
image_2235.jpg,5.34
image_2236.jpg,5.31
image_2237.jpg,5.32
image_2238.jpg,5.33
image_2239.jpg,5.2
image_2240.jpg,5.15
image_2241.jpg,5.3
image_2242.jpg,5.39
image_2243.jpg,5.39
image_2244.jpg,5.25
image_2245.jpg,5.17
image_2246.jpg,5.08
image_2247.jpg,5.37
image_2248.jpg,5.45
image_2249.jpg,5.35
image_2250.jpg,5.45
image_2251.jpg,5.31
image_2252.jpg,5.24
image_2253.jpg,5.38
image_2254.jpg,5.25
image_2255.jpg,5.31
image_2256.jpg,5.71
image_2257.jpg,5.39
image_2258.jpg,5.25
image_2259.jpg,5.39
image_2260.jpg,5.32
image_2261.jpg,5.22
image_2262.jpg,5.12
image_2263.jpg,5.48
image_2264.jpg,5.38
image_2265.jpg,5.13
image_2266.jpg,5.42
image_2267.jpg,5.06
image_2268.jpg,5.04
image_2269.jpg,5.29
image_2270.jpg,5.0
image_2271.jpg,5.2
image_2272.jpg,5.14
image_2273.jpg,5.33
image_2274.jpg,5.31
image_2275.jpg,5.4
image_2276.jpg,5.31
image_2277.jpg,5.24
image_2278.jpg,5.41
image_2279.jpg,5.25
image_2280.jpg,5.39
image_2281.jpg,5.42
image_2282.jpg,5.32
image_2283.jpg,5.46
image_2284.jpg,5.09
image_2285.jpg,5.36
image_2286.jpg,5.5
image_2287.jpg,5.45
image_2288.jpg,5.12
image_2289.jpg,5.38
image_2290.jpg,5.26
image_2291.jpg,5.4
image_2292.jpg,5.41
image_2293.jpg,5.29
image_2294.jpg,5.44
image_2295.jpg,5.18
image_2296.jpg,5.38
image_2297.jpg,5.45
image_2298.jpg,5.44
image_2299.jpg,5.22
image_2300.jpg,5.17
image_2301.jpg,5.37
image_2302.jpg,5.21
image_2303.jpg,5.41
image_2304.jpg,5.55
image_2305.jpg,5.06
image_2306.jpg,5.35
image_2307.jpg,5.14
image_2308.jpg,5.05
image_2309.jpg,5.36
image_2310.jpg,5.25
image_2311.jpg,5.06
image_2312.jpg,5.41
image_2313.jpg,5.35
image_2314.jpg,5.34
image_2315.jpg,5.48
image_2316.jpg,5.34
image_2317.jpg,5.08
image_2318.jpg,5.43
image_2319.jpg,5.3
image_2320.jpg,5.42
image_2321.jpg,5.22
image_2322.jpg,5.28
image_2323.jpg,5.31
image_2324.jpg,5.28
image_2325.jpg,5.45
image_2326.jpg,5.42
image_2327.jpg,5.33
image_2328.jpg,5.56
image_2329.jpg,5.26
image_2330.jpg,5.35
image_2331.jpg,5.62
image_2332.jpg,5.13
image_2333.jpg,5.52
image_2334.jpg,5.3
image_2335.jpg,5.18
image_2336.jpg,5.37
image_2337.jpg,5.41
image_2338.jpg,5.28
image_2339.jpg,5.31
image_2340.jpg,5.11
image_2341.jpg,5.25
image_2342.jpg,5.37
image_2343.jpg,5.05
image_2344.jpg,5.27
image_2345.jpg,5.34
image_2346.jpg,5.15
image_2347.jpg,5.54
image_2348.jpg,5.27
image_2349.jpg,5.3
image_2350.jpg,5.11
image_2351.jpg,5.21
image_2352.jpg,5.39
image_2353.jpg,5.41
image_2354.jpg,5.35
image_2355.jpg,5.28
image_2356.jpg,5.15
image_2357.jpg,5.31
image_2358.jpg,5.14
image_2359.jpg,5.13
image_2360.jpg,5.25
image_2361.jpg,5.17
image_2362.jpg,5.42
image_2363.jpg,5.3
image_2364.jpg,5.23
image_2365.jpg,5.07
image_2366.jpg,5.02
image_2367.jpg,5.24
image_2368.jpg,5.12
image_2369.jpg,5.18
image_2370.jpg,5.29
image_2371.jpg,5.23
image_2372.jpg,5.35
image_2373.jpg,5.53
image_2374.jpg,5.14
image_2375.jpg,5.37
image_2376.jpg,5.36
image_2377.jpg,5.36
image_2378.jpg,5.32
image_2379.jpg,5.42
image_2380.jpg,5.43
image_2381.jpg,5.22
image_2382.jpg,5.16
image_2383.jpg,5.52
image_2384.jpg,5.0
image_2385.jpg,5.21
image_2386.jpg,5.26
image_2387.jpg,4.99
image_2388.jpg,5.34
image_2389.jpg,5.24
image_2390.jpg,5.27
image_2391.jpg,5.31
image_2392.jpg,5.33
image_2393.jpg,5.25
image_2394.jpg,5.32
image_2395.jpg,5.19
image_2396.jpg,5.32
image_2397.jpg,5.29
image_2398.jpg,5.44
image_2399.jpg,5.24
image_2400.jpg,5.43
image_2401.jpg,5.37
image_2402.jpg,5.46
image_2403.jpg,5.51
image_2404.jpg,5.2
image_2405.jpg,5.49
image_2406.jpg,5.23
image_2407.jpg,5.45
image_2408.jpg,5.51
image_2409.jpg,5.37
image_2410.jpg,5.28
image_2411.jpg,5.33
image_2412.jpg,5.64
image_2413.jpg,5.34
image_2414.jpg,5.16
image_2415.jpg,5.29
image_2416.jpg,5.29
image_2417.jpg,5.55
image_2418.jpg,5.46
image_2419.jpg,5.69
image_2420.jpg,5.25
image_2421.jpg,5.48
image_2422.jpg,5.27
image_2423.jpg,5.2
image_2424.jpg,5.47
image_2425.jpg,5.43
image_2426.jpg,5.58
image_2427.jpg,5.2
image_2428.jpg,5.17
image_2429.jpg,5.22
image_2430.png,5.33
image_2431.png,5.43
image_2432.png,5.25
image_2433.png,5.07
image_2434.png,5.44
image_2435.png,5.37
image_2436.jpg,5.26
image_2437.jpg,5.27
image_2438.jpg,5.39
image_2439.jpg,5.29
image_2440.jpg,5.35
image_2441.jpg,5.4
image_2442.jpg,5.46
image_2443.jpg,5.19
image_2444.jpg,5.35
image_2445.jpg,5.11
image_2446.jpg,5.23
image_2447.jpg,5.17
image_2448.jpg,5.51
image_2449.jpg,5.19
image_2450.jpg,5.22
image_2451.jpg,5.29
image_2452.jpg,5.23
image_2453.jpg,5.18
image_2454.jpg,5.33
image_2455.jpg,5.22
image_2456.jpg,5.42
image_2457.jpg,5.2
image_2458.jpg,5.14
image_2459.jpg,5.2
image_2460.jpg,5.31
image_2461.jpg,5.21
image_2462.jpg,5.43
image_2463.jpg,5.02
image_2464.jpg,5.46
image_2465.jpg,5.08
image_2466.jpg,5.28
image_2467.jpg,5.34
image_2468.jpg,5.27
image_2469.jpg,4.85
image_2470.jpg,5.31
image_2471.jpg,5.02
image_2472.jpg,5.18
image_2473.jpg,4.94
image_2474.jpg,5.55
image_2475.jpg,5.43
image_2476.jpg,5.3
image_2477.jpg,5.34
image_2478.jpg,5.22
image_2479.jpg,5.31
image_2480.jpg,5.19
image_2481.jpg,5.34
image_2482.jpg,5.17
image_2483.jpg,5.23
image_2484.jpg,5.09
image_2485.jpg,5.25
image_2486.jpg,5.35
image_2487.jpg,5.16
image_2488.jpg,5.27
image_2489.jpg,5.18
image_2490.jpg,5.06
image_2491.jpg,5.45
image_2492.jpg,5.51
image_2493.jpg,5.16
image_2494.jpg,5.1
image_2495.jpg,5.32
image_2496.jpg,5.31
image_2497.jpg,5.51
image_2498.jpg,5.25
image_2499.jpg,5.39
image_2500.jpg,5.39
image_2501.jpg,5.26
image_2502.jpg,5.28
image_2503.jpg,5.01
image_2504.jpg,5.11
image_2505.jpg,5.32
image_2506.jpg,5.45
image_2507.jpg,5.16
image_2508.jpg,5.19
image_2509.jpg,5.11
image_2510.jpg,5.29
image_2511.jpg,5.27
image_2512.jpg,5.18
image_2513.jpg,5.19
image_2514.jpg,5.24
image_2515.jpg,5.47
image_2516.jpg,5.57
image_2517.jpg,5.41
image_2518.jpg,5.3
image_2519.jpg,5.33
image_2520.jpg,5.44
image_2521.jpg,5.32
image_2522.jpg,5.25
image_2523.jpg,5.28
image_2524.jpg,5.31
image_2525.jpg,5.32
image_2526.jpg,5.32
image_2527.jpg,5.26
image_2528.jpg,5.51
image_2529.jpg,5.4
image_2530.jpg,5.21
image_2531.jpg,5.35
image_2532.jpg,5.2
image_2533.jpg,5.12
image_2534.jpg,5.33
image_2535.jpg,5.56
image_2536.jpg,5.4
image_2537.jpg,5.18
image_2538.jpg,5.46
image_2539.jpg,5.26
image_2540.jpg,5.24
image_2541.jpg,5.4
image_2542.jpg,5.44
image_2543.jpg,5.11
image_2544.jpg,5.33
image_2545.jpg,5.37
image_2546.jpg,5.37
image_2547.jpg,5.38
image_2548.jpg,5.24
image_2549.jpg,5.28
image_2550.jpg,5.48
image_2551.jpg,5.29
image_2552.jpg,5.18
image_2553.jpg,5.4
image_2554.jpg,5.46
image_2555.jpg,5.39
image_2556.jpg,5.36
image_2557.jpg,5.0
image_2558.jpg,5.2
image_2559.jpg,5.35
image_2560.jpg,5.56
image_2561.jpg,5.19
image_2562.jpg,5.1
image_2563.jpg,5.32
image_2564.jpg,5.48
image_2565.jpg,5.05
image_2566.jpg,5.41
image_2567.jpg,5.25
image_2568.jpg,5.61
image_2569.jpg,5.09
image_2570.jpg,5.52
image_2571.jpg,5.13
image_2572.jpg,5.29
image_2573.jpg,5.34
image_2574.jpg,5.11
image_2575.jpg,5.1
image_2576.jpg,5.15
image_2577.jpg,5.5
image_2578.jpg,5.3
image_2579.jpg,5.14
image_2580.jpg,5.09
image_2581.jpg,5.34
image_2582.jpg,5.35
image_2583.jpg,5.2
image_2584.jpg,5.17
image_2585.jpg,5.36
image_2586.jpg,5.29
image_2587.jpg,5.34
image_2588.jpg,5.3
image_2589.jpg,5.35
image_2590.jpg,5.29
image_2591.jpg,5.09
image_2592.jpg,5.46
image_2593.jpg,5.02
image_2594.jpg,5.14
image_2595.jpg,5.08
image_2596.jpg,5.26
image_2597.jpg,5.36
image_2598.jpg,5.33
image_2599.jpg,5.47
image_2600.jpg,5.21
image_2601.jpg,5.43
image_2602.jpg,5.69
image_2603.jpg,5.04
image_2604.jpg,5.38
image_2605.jpg,5.41
image_2606.jpg,5.21
image_2607.jpg,5.28
image_2608.jpg,5.53
image_2609.jpg,5.28
image_2610.jpg,5.29
image_2611.jpg,5.46
image_2612.jpg,5.62
image_2613.jpg,4.87
image_2614.jpg,5.42
image_2615.jpg,5.23
image_2616.jpg,5.28
image_2617.jpg,5.3
image_2618.jpg,5.04
image_2619.jpg,5.02
image_2620.jpg,5.31
image_2621.jpg,5.27
image_2622.jpg,5.24
image_2623.jpg,5.34
image_2624.jpg,5.42
image_2625.jpg,5.14
image_2626.jpg,5.24
image_2627.jpg,5.21
image_2628.jpg,5.43
image_2629.jpg,5.41
image_2630.jpg,5.21
image_2631.jpg,5.04
image_2632.jpg,5.31
image_2633.jpg,5.29
image_2634.jpg,5.28
image_2635.jpg,5.3
image_2636.jpg,5.4
image_2637.jpg,5.29
image_2638.jpg,5.39
image_2639.jpg,5.08
image_2640.jpg,5.33
image_2641.jpg,5.11
image_2642.jpg,5.54
image_2643.jpg,5.34
image_2644.jpg,5.1
image_2645.jpg,5.29
image_2646.jpg,5.25
image_2647.jpg,5.42
image_2648.jpg,5.42
image_2649.jpg,5.25
image_2650.jpg,5.16
image_2651.jpg,5.4
image_2652.jpg,5.3
image_2653.jpg,5.2
image_2654.jpg,5.42
image_2655.jpg,5.35
image_2656.jpg,5.44
image_2657.jpg,5.25
image_2658.jpg,5.33
image_2659.jpg,5.24
image_2660.jpg,5.14
image_2661.jpg,5.35
image_2662.jpg,5.15
image_2663.jpg,5.3
image_2664.jpg,5.47
image_2665.jpg,5.22
image_2666.jpg,5.16
image_2667.jpg,5.2
image_2668.jpg,5.41
image_2669.jpg,5.28
image_2670.jpg,5.29
image_2671.jpg,5.55
image_2672.jpg,5.22
image_2673.jpg,5.33
image_2674.jpg,5.44
image_2675.jpg,5.29
image_2676.jpg,5.1
image_2677.jpg,5.07
image_2678.jpg,5.35
image_2679.jpg,5.28
image_2680.jpg,5.11
image_2681.jpg,4.93
image_2682.jpg,5.46
image_2683.jpg,5.47
image_2684.jpg,5.13
image_2685.jpg,5.28
image_2686.jpg,5.24
image_2687.jpg,5.4
image_2688.jpg,5.43
image_2689.jpg,5.26
image_2690.jpg,5.59
image_2691.jpg,5.18
image_2692.jpg,5.19
image_2693.jpg,5.1
image_2694.jpg,5.37
image_2695.jpg,5.42
image_2696.jpg,5.3
image_2697.png,5.42
image_2698.jpg,5.55
image_2699.jpg,5.43
image_2700.jpg,5.12
image_2701.jpg,5.08
image_2702.jpg,5.55
image_2703.jpg,5.28
image_2704.jpg,5.37
image_2705.jpg,5.45
image_2706.jpg,5.33
image_2707.jpg,5.18
image_2708.jpg,5.35
image_2709.jpg,5.28
image_2710.jpg,5.41
image_2711.jpg,5.34
image_2712.jpg,5.11
image_2713.jpg,5.46
image_2714.jpg,5.17
image_2715.jpg,5.21
image_2716.jpg,5.35
image_2717.jpg,5.12
image_2718.jpg,5.1
image_2719.jpg,5.33
image_2720.jpg,5.34
image_2721.jpg,5.09
image_2722.jpg,5.29
image_2723.jpg,5.27
image_2724.jpg,5.38
image_2725.jpg,5.27
image_2726.jpg,5.57
image_2727.jpg,5.23
image_2728.jpg,5.21
image_2729.jpg,5.59
image_2730.jpg,5.31
image_2731.jpg,5.25
image_2732.jpg,5.25
image_2733.jpg,5.5
image_2734.jpg,5.03
image_2735.jpg,5.35
image_2736.jpg,5.17
image_2737.jpg,5.44
image_2738.jpg,5.3
image_2739.jpg,5.39
image_2740.jpg,5.1
image_2741.jpg,5.27
image_2742.jpg,5.05
image_2743.jpg,5.33
image_2744.jpg,5.4
image_2745.jpg,5.4
image_2746.jpg,5.47
image_2747.jpg,5.24
image_2748.jpg,5.29
image_2749.jpg,5.34
image_2750.jpg,5.37
image_2751.jpg,5.3
image_2752.jpg,5.43
image_2753.jpg,5.33
image_2754.jpg,5.23
image_2755.jpg,5.33
image_2756.jpg,5.4
image_2757.jpg,5.43
image_2758.jpg,5.43
image_2759.jpg,5.35
image_2760.jpg,5.34
image_2761.jpg,5.22
image_2762.jpg,5.66
image_2763.jpg,5.36
image_2764.jpg,5.41
image_2765.jpg,5.09
image_2766.jpg,5.15
image_2767.jpg,5.3
image_2768.jpg,5.42
image_2769.jpg,5.24
image_2770.jpg,5.38
image_2771.jpg,5.21
image_2772.jpg,5.44
image_2773.jpg,5.4
image_2774.jpg,5.05
image_2775.jpg,5.18
image_2776.jpg,5.11
image_2777.jpg,5.21
image_2778.jpg,5.27
image_2779.jpg,5.33
image_2780.jpg,5.23
image_2781.jpg,5.33
image_2782.jpg,5.4
image_2783.jpg,5.46
image_2784.jpg,5.29
image_2785.jpg,5.07
image_2786.jpg,5.29
image_2787.jpg,5.56
image_2788.jpg,5.26
image_2789.jpg,5.37
image_2790.jpg,5.23
image_2791.jpg,5.23
image_2792.jpg,4.95
image_2793.jpg,5.25
image_2794.jpg,5.47
image_2795.jpg,5.24
image_2796.jpg,5.22
image_2797.jpg,5.32
image_2798.jpg,5.23
image_2799.jpg,5.21
image_2800.jpg,5.5
image_2801.jpg,5.35
image_2802.jpg,5.46
image_2803.jpg,5.24
image_2804.jpg,5.25
image_2805.jpg,5.42
image_2806.jpg,5.56
image_2807.jpg,5.05
image_2808.jpg,5.4
image_2809.jpg,5.1
image_2810.jpg,5.3
image_2811.jpg,5.25
image_2812.jpg,5.25
image_2813.jpg,5.15
image_2814.jpg,5.48
image_2815.jpg,5.14
image_2816.jpg,5.29
image_2817.jpg,5.29
image_2818.jpg,5.54
image_2819.jpg,5.42
image_2820.jpg,5.38
image_2821.jpg,5.43
image_2822.jpg,5.3
image_2823.jpg,5.34
image_2824.jpg,5.32
image_2825.jpg,5.45
image_2826.jpg,5.52
image_2827.jpg,5.52
image_2828.jpg,5.31
image_2829.jpg,5.23
image_2830.jpg,5.11
image_2831.jpg,5.04
image_2832.jpg,5.25
image_2833.jpg,5.4
image_2834.jpg,5.28
image_2835.jpg,5.21
image_2836.jpg,5.44
image_2837.jpg,5.18
image_2838.jpg,5.35
image_2839.jpg,5.34
image_2840.jpg,5.07
image_2841.jpg,5.29
image_2842.jpg,5.51
image_2843.jpg,5.18
image_2844.jpg,5.23
image_2845.jpg,5.06
image_2846.jpg,5.41
image_2847.jpg,5.32
image_2848.jpg,5.36
image_2849.jpg,5.22
image_2850.jpg,5.32
image_2851.jpg,5.16
image_2852.jpg,5.31
image_2853.jpg,5.21
image_2854.jpg,5.32
image_2855.jpg,5.08
image_2856.jpg,5.29
image_2857.jpg,5.06
image_2858.jpg,5.17
image_2859.jpg,5.27
image_2860.jpg,5.22
image_2861.jpg,5.29
image_2862.jpg,5.72
image_2863.jpg,5.47
image_2864.jpg,5.45
image_2865.jpg,5.35
image_2866.jpg,5.61
image_2867.jpg,5.46
image_2868.jpg,5.11
image_2869.jpg,5.52
image_2870.jpg,5.48
image_2871.jpg,5.51
image_2872.jpg,5.43
image_2873.jpg,5.33
image_2874.jpg,5.31
image_2875.jpg,5.18
image_2876.jpg,5.17
image_2877.jpg,5.31
image_2878.jpg,5.32
image_2879.jpg,5.5
image_2880.jpg,5.54
image_2881.jpg,5.27
image_2882.jpg,5.24
image_2883.jpg,5.4
image_2884.jpg,5.34
image_2885.jpg,5.25
image_2886.jpg,5.45
image_2887.jpg,5.1
image_2888.png,5.15
image_2889.png,5.32
image_2890.png,5.08
image_2891.png,5.38
image_2892.png,5.29
image_2893.png,5.16
image_2894.png,5.51
image_2895.png,5.21
image_2896.png,5.3
image_2897.jpg,5.18
image_2898.png,5.35
image_2899.png,5.15
image_2900.png,5.34
image_2901.png,5.43
image_2902.png,4.99
image_2903.png,5.0
image_2904.png,5.36
image_2905.png,5.39
image_2906.png,5.23
image_2907.jpg,5.07
image_2908.png,5.38
image_2909.jpg,5.01
image_2910.jpg,5.21
image_2911.jpg,5.36
image_2912.jpg,5.01
image_2913.jpg,5.31
image_2914.jpg,5.55
image_2915.jpg,5.15
image_2916.jpg,4.89
image_2917.jpg,5.22
image_2918.jpg,5.39
image_2919.jpg,5.2
image_2920.jpg,5.27
image_2921.jpg,5.14
image_2922.jpg,5.14
image_2923.jpg,5.24
image_2924.jpg,5.33
image_2925.jpg,5.3
image_2926.jpg,5.37
image_2927.jpg,5.45
image_2928.jpg,5.5
image_2929.jpg,4.95
image_2930.jpg,5.24
image_2931.jpg,5.42
image_2932.jpg,5.3
image_2933.jpg,5.29
image_2934.jpg,5.28
image_2935.jpg,5.28
image_2936.jpg,5.24
image_2937.jpg,5.2
image_2938.jpg,5.52
image_2939.jpg,5.47
image_2940.jpg,5.44
image_2941.jpg,5.2
image_2942.jpg,5.36
image_2943.jpg,5.46
image_2944.jpg,5.19
image_2945.jpg,5.41
image_2946.jpg,5.32
image_2947.jpg,5.33
image_2948.jpg,5.25
image_2949.jpg,5.31
image_2950.jpg,5.34
image_2951.jpg,5.27
image_2952.jpg,5.38
image_2953.jpg,5.29
image_2954.jpg,5.43
image_2955.jpg,5.34
image_2956.jpg,5.07
image_2957.jpg,5.34
image_2958.jpg,5.52
image_2959.jpg,5.39
image_2960.jpg,5.3
image_2961.jpg,5.17
image_2962.jpg,5.25
image_2963.jpg,5.3
image_2964.jpg,5.4
image_2965.jpg,5.29
image_2966.jpg,5.39
image_2967.jpg,5.28
image_2968.jpg,5.14
image_2969.jpg,5.23
image_2970.jpg,5.23
image_2971.jpg,5.38
image_2972.jpg,5.6
image_2973.jpg,5.2
image_2974.jpg,5.25
image_2975.jpg,5.06
image_2976.jpg,5.29
image_2977.jpg,5.09
image_2978.jpg,5.29
image_2979.jpg,5.07
image_2980.jpg,5.24
image_2981.jpg,5.22
image_2982.jpg,5.24
image_2983.jpg,5.45
image_2984.jpg,5.32
image_2985.jpg,5.45
image_2986.jpg,5.44
image_2987.jpg,5.34
image_2988.jpg,5.19
image_2989.jpg,5.04
image_2990.jpg,5.21
image_2991.jpg,5.47
image_2992.jpg,5.11
image_2993.jpg,5.33
image_2994.jpg,5.19
image_2995.jpg,5.4
image_2996.jpg,5.2
image_2997.jpg,5.23
image_2998.jpg,5.24
image_2999.jpg,5.28
image_3000.jpg,5.33
image_3001.jpg,5.3
image_3002.jpg,5.46
image_3003.jpg,5.44
image_3004.jpg,5.54
image_3005.jpg,5.37
image_3006.jpg,5.26
image_3007.jpg,5.16
image_3008.jpg,5.21
image_3009.jpg,5.38
image_3010.jpg,5.19
image_3011.jpg,5.19
image_3012.jpg,5.43
image_3013.jpg,5.37
image_3014.jpg,5.33
image_3015.jpg,5.41
image_3016.jpg,5.51
image_3017.jpg,5.35
image_3018.jpg,5.33
image_3019.jpg,5.32
image_3020.jpg,5.47
image_3021.jpg,5.22
image_3022.jpg,5.24
image_3023.jpg,5.31
image_3024.jpg,5.18
image_3025.jpg,5.12
image_3026.jpg,5.16
image_3027.jpg,5.31
image_3028.jpg,5.2
image_3029.jpg,5.31
image_3030.jpg,5.21
image_3031.jpg,5.43
image_3032.jpg,5.52
image_3033.jpg,5.27
image_3034.jpg,5.07
image_3035.jpg,5.2
image_3036.jpg,5.45
image_3037.jpg,4.88
image_3038.jpg,5.47
image_3039.jpg,5.33
image_3040.jpg,5.31
image_3041.jpg,5.34
image_3042.jpg,5.15
image_3043.jpg,5.28
image_3044.jpg,5.38
image_3045.jpg,5.3
image_3046.jpg,5.44
image_3047.jpg,5.39
image_3048.jpg,5.71
image_3049.jpg,5.28
image_3050.jpg,5.51
image_3051.jpg,5.26
image_3052.jpg,5.32
image_3053.jpg,5.22
image_3054.jpg,5.22
image_3055.jpg,5.33
image_3056.jpg,5.38
image_3057.jpg,5.46
image_3058.jpg,5.37
image_3059.jpg,5.32
image_3060.jpg,5.25
image_3061.jpg,5.11
image_3062.jpg,5.23
image_3063.jpg,5.12
image_3064.jpg,5.06
image_3065.jpg,5.52
image_3066.jpg,5.49
image_3067.jpg,5.37
image_3068.jpg,5.39
image_3069.jpg,5.34
image_3070.jpg,5.14
image_3071.jpg,5.5
image_3072.jpg,5.44
image_3073.jpg,5.23
image_3074.jpg,5.4
image_3075.jpg,5.48
image_3076.jpg,5.46
image_3077.jpg,5.37
image_3078.jpg,5.36
image_3079.jpg,5.39
image_3080.jpg,5.48
image_3081.jpg,5.21
image_3082.jpg,5.36
image_3083.jpg,5.16
image_3084.jpg,5.32
image_3085.jpg,5.37
image_3086.jpg,5.12
image_3087.jpg,5.52
image_3088.jpg,5.23
image_3089.jpg,5.62
image_3090.jpg,5.31
image_3091.jpg,5.15
image_3092.jpg,5.38
image_3093.jpg,5.32
image_3094.jpg,5.48
image_3095.jpg,5.29
image_3096.jpg,5.28
image_3097.jpg,5.35
image_3098.jpg,5.39
image_3099.jpg,5.38
image_3100.jpg,5.23
image_3101.jpg,5.33
image_3102.jpg,5.51
image_3103.jpg,5.41
image_3104.jpg,5.25
image_3105.jpg,5.12
image_3106.jpg,5.51
image_3107.jpg,5.42
image_3108.jpg,5.12
image_3109.jpg,5.28
image_3110.jpg,5.22
image_3111.jpg,5.35
image_3112.jpg,5.31
image_3113.jpg,5.37
image_3114.jpg,5.27
image_3115.jpg,5.3
image_3116.jpg,5.38
image_3117.jpg,5.33
image_3118.jpg,5.08
image_3119.jpg,5.39
image_3120.jpg,5.68
image_3121.jpg,5.42
image_3122.jpg,5.31
image_3123.jpg,5.03
image_3124.jpg,5.32
image_3125.jpg,5.43
image_3126.jpg,5.41
image_3127.jpg,5.13
image_3128.jpg,5.28
image_3129.jpg,5.47
image_3130.jpg,5.24
image_3131.jpg,5.35
image_3132.jpg,5.24
image_3133.jpg,5.15
image_3134.jpg,5.08
image_3135.jpg,5.23
image_3136.jpg,5.33
image_3137.jpg,5.33
image_3138.jpg,5.24
image_3139.jpg,5.37
image_3140.jpg,5.35
image_3141.jpg,5.15
image_3142.jpg,5.21
image_3143.jpg,5.22
image_3144.jpg,5.44
image_3145.jpg,5.16
image_3146.jpg,5.29
image_3147.jpg,5.46
image_3148.jpg,4.88
image_3149.jpg,5.13
image_3150.jpg,5.48
image_3151.jpg,5.43
image_3152.jpg,5.57
image_3153.jpg,5.23
image_3154.jpg,5.63
image_3155.jpg,5.3
image_3156.jpg,5.34
image_3157.jpg,5.15
image_3158.jpg,5.21
image_3159.jpg,5.4
image_3160.jpg,4.95
image_3161.jpg,5.13
image_3162.jpg,5.62
image_3163.jpg,5.42
image_3164.jpg,5.31
image_3165.jpg,5.41
image_3166.jpg,5.16
image_3167.jpg,5.59
image_3168.jpg,5.37
image_3169.jpg,5.16
image_3170.jpg,5.37
image_3171.jpg,5.16
image_3172.jpg,5.27
image_3173.jpg,5.08
image_3174.jpg,5.22
image_3175.jpg,5.77
image_3176.jpg,5.16
image_3177.jpg,5.48
image_3178.jpg,5.08
image_3179.jpg,5.38
image_3180.jpg,5.37
image_3181.jpg,5.16
image_3182.jpg,5.17
image_3183.jpg,5.34
image_3184.jpg,5.13
image_3185.jpg,5.25
image_3186.jpg,5.28
